user	instance_id	displayed_text	sentiment:::positive	entity_annotation:::time	opinion_annotation:::why NO	span_annotation:::organization	span_annotation:::why YES	span_annotation:::time	span_annotation:::why NO	span_annotation:::certain	span_annotation:::Agreement	span_annotation:::NO to Cop City	span_annotation:::person	span_annotation:::uncertain	span_annotation:::Opposition	span_annotation:::resident	span_annotation:::location
test1@test.com	2	>> PRINCE WILLIAM WALTERS: [07:53:21] This is Prince William Walters, a homeowner in Gresham Park, and I'm calling to voice my disapproval of the training facility plan for the old Atlanta prison farm. This place should be used for much more public purposes, and I would very much appreciate you hear the voices of the community and our disapproval of the proposed new training facility in the Atlanta prison farm. We do not want this here. Homeowners have spoken, and we would very much appreciate more community minded use of such land. Thank you for your time. [07:54:03]	1			[]	[]	[]	[]	[]	[]	[]	[]	[{'start': 5, 'end': 27, 'span': 'I am so sorry for that', 'annotation': 'uncertain', 'schema': 'certainty', 'annotation_title': 'uncertain'}, {'start': 36, 'end': 46, 'span': 'No worries', 'annotation': 'uncertain', 'schema': 'certainty', 'annotation_title': 'uncertain'}]	[]	[]	[]
test1@test.com	1	>> MARY ROBISNSON: [07:52:03] Hi, my name is Mary Robinson. I'm calling with concerns over the proposed police training facility on Key Road. I'm a resident of the prison farm neighborhood, where the training facility is going to be build. I strongly oppose the proposed police training center for several reasons. The first being that Atlanta police already have nearly 100 acres elsewhere, that they should be using. [indiscernible] property slowly being reclaimed by the surrounding forest wetlands and the hundreds of species of animals that reside there. We find any part of these wetlands and woods that remain in our city as an explosion and negatively impact the efficiency of our natural floodplain as well as the climate. There isn't so much space available in the city of Atlanta itself. Rather than putting the farm on unincorporated DeKalb County because they can get away with that portion already sitting in the street. [indiscernible]. Thank you. [07:53:20]	1			[]	[]	[]	[]	[{'start': 34, 'end': 38, 'span': 'Yes!', 'annotation': 'certain', 'schema': 'certainty', 'annotation_title': 'certain'}, {'start': 58, 'end': 64, 'span': 'great!', 'annotation': 'certain', 'schema': 'certainty', 'annotation_title': 'certain'}]	[]	[]	[]	[{'start': 38, 'end': 49, 'span': 'I like you!', 'annotation': 'uncertain', 'schema': 'certainty', 'annotation_title': 'uncertain'}]	[]	[]	[]
test2@test.com	7	>> JASON FORD: [07:57:16] Jason FORD. I'm actually convinced that the Atlanta police department and all that employees deserve the training facility, [indiscernible]. [07:57:55]]				[]	[]	[{'start': 22, 'end': 30, 'span': '07:57:16', 'annotation': 'time', 'schema': 'labeling', 'annotation_title': 'time'}, {'start': 174, 'end': 182, 'span': '07:57:55', 'annotation': 'time', 'schema': 'labeling', 'annotation_title': 'time'}]	[]	[]	[]	[]	[{'start': 9, 'end': 19, 'span': 'JASON FORD', 'annotation': 'person', 'schema': 'labeling', 'annotation_title': 'person'}, {'start': 32, 'end': 42, 'span': 'Jason FORD', 'annotation': 'person', 'schema': 'labeling', 'annotation_title': 'person'}]	[]	[]	[]	[]
test2@test.com	4	>> MARY PARK: [07:55:00] This is Mary Park and I live on Taylor Street, near the Carter Library. I am calling because I'm concerned about the police training facility that y'all are, thinking of building, and what I want to say that this is not how our money should be spent. [indiscernible]. Anyway, I live in the city of Atlanta in DeKalb County. And so that's my opinion. [07:56:26]				[]	[]	[{'start': 21, 'end': 29, 'span': '07:55:00', 'annotation': 'time', 'schema': 'labeling', 'annotation_title': 'time'}, {'start': 638, 'end': 646, 'span': '07:56:26', 'annotation': 'time', 'schema': 'labeling', 'annotation_title': 'time'}]	[]	[]	[]	[]	[{'start': 9, 'end': 18, 'span': 'MARY PARK', 'annotation': 'person', 'schema': 'labeling', 'annotation_title': 'person'}, {'start': 39, 'end': 48, 'span': 'Mary Park', 'annotation': 'person', 'schema': 'labeling', 'annotation_title': 'person'}]	[]	[]	[]	"[{'start': 63, 'end': 76, 'span': 'Taylor Street', 'annotation': 'location', 'schema': 'labeling', 'annotation_title': 'location'}, {'start': 87, 'end': 101, 'span': 'Carter Library', 'annotation': 'location', 'schema': 'labeling', 'annotation_title': 'location'}, {'start': 307, 'end': 442, 'span': 'I live in the city of <span class=""span_container"" selection_label=""location"" style=""background-color:rgb(145, 30, 180, 0.25);"">Atlanta', 'annotation': 'location', 'schema': 'labeling', 'annotation_title': 'location'}, {'start': 596, 'end': 609, 'span': 'DeKalb County', 'annotation': 'location', 'schema': 'labeling', 'annotation_title': 'location'}]"
test2@test.com	2	>> PRINCE WILLIAM WALTERS: [07:53:21] This is Prince William Walters, a homeowner in Gresham Park, and I'm calling to voice my disapproval of the training facility plan for the old Atlanta prison farm. This place should be used for much more public purposes, and I would very much appreciate you hear the voices of the community and our disapproval of the proposed new training facility in the Atlanta prison farm. We do not want this here. Homeowners have spoken, and we would very much appreciate more community minded use of such land. Thank you for your time. [07:54:03]				[]	[]	[{'start': 34, 'end': 42, 'span': '07:53:21', 'annotation': 'time', 'schema': 'labeling', 'annotation_title': 'time'}, {'start': 571, 'end': 579, 'span': '07:54:03', 'annotation': 'time', 'schema': 'labeling', 'annotation_title': 'time'}]	[]	[]	[]	[]	[{'start': 9, 'end': 31, 'span': 'PRINCE WILLIAM WALTERS', 'annotation': 'person', 'schema': 'labeling', 'annotation_title': 'person'}, {'start': 52, 'end': 74, 'span': 'Prince William Walters', 'annotation': 'person', 'schema': 'labeling', 'annotation_title': 'person'}]	[]	[]	[{'start': 78, 'end': 87, 'span': 'homeowner', 'annotation': 'resident', 'schema': 'labeling', 'annotation_title': 'resident'}]	[{'start': 91, 'end': 103, 'span': 'Gresham Park', 'annotation': 'location', 'schema': 'labeling', 'annotation_title': 'location'}, {'start': 187, 'end': 206, 'span': 'Atlanta prison farm', 'annotation': 'location', 'schema': 'labeling', 'annotation_title': 'location'}, {'start': 400, 'end': 419, 'span': 'Atlanta prison farm', 'annotation': 'location', 'schema': 'labeling', 'annotation_title': 'location'}]
test2@test.com	1	>> MARY ROBISNSON: [07:52:03] Hi, my name is Mary Robinson. I'm calling with concerns over the proposed police training facility on Key Road. I'm a resident of the prison farm neighborhood, where the training facility is going to be build. I strongly oppose the proposed police training center for several reasons. The first being that Atlanta police already have nearly 100 acres elsewhere, that they should be using. [indiscernible] property slowly being reclaimed by the surrounding forest wetlands and the hundreds of species of animals that reside there. We find any part of these wetlands and woods that remain in our city as an explosion and negatively impact the efficiency of our natural floodplain as well as the climate. There isn't so much space available in the city of Atlanta itself. Rather than putting the farm on unincorporated DeKalb County because they can get away with that portion already sitting in the street. [indiscernible]. Thank you. [07:53:20]				[]	[]	[{'start': 26, 'end': 34, 'span': '07:52:03', 'annotation': 'time', 'schema': 'labeling', 'annotation_title': 'time'}, {'start': 970, 'end': 978, 'span': '07:53:20', 'annotation': 'time', 'schema': 'labeling', 'annotation_title': 'time'}]	[]	[]	[]	[]	[{'start': 9, 'end': 23, 'span': 'MARY ROBISNSON', 'annotation': 'person', 'schema': 'labeling', 'annotation_title': 'person'}, {'start': 51, 'end': 64, 'span': 'Mary Robinson', 'annotation': 'person', 'schema': 'labeling', 'annotation_title': 'person'}]	[]	[]	[{'start': 154, 'end': 162, 'span': 'resident', 'annotation': 'resident', 'schema': 'labeling', 'annotation_title': 'resident'}]	[{'start': 138, 'end': 146, 'span': 'Key Road', 'annotation': 'location', 'schema': 'labeling', 'annotation_title': 'location'}, {'start': 170, 'end': 181, 'span': 'prison farm', 'annotation': 'location', 'schema': 'labeling', 'annotation_title': 'location'}, {'start': 789, 'end': 796, 'span': 'Atlanta', 'annotation': 'location', 'schema': 'labeling', 'annotation_title': 'location'}, {'start': 852, 'end': 865, 'span': 'DeKalb County', 'annotation': 'location', 'schema': 'labeling', 'annotation_title': 'location'}]
test2@test.com	8	>> MICHAEL GERBER: [07:58:55] Hi, my name is Michael Gerber, and I've lived in the city of Atlanta now since 1998. I was a student at Georgia Tech, and then for about 15 years down here, in Salina, and now I live in Midtown. I'm calling to urge the entire council to vote no on the construction of the public training facility that is being proposed to be built on the old prison farm in the southeastern part of the city. I visited numerous that area and gone on some hikes. Also, with a group of friends and some scenic through there, you have a good time, and it's a nice little getaway from the rest of the city. And this is so much potential in that whole area to be another great part to the city and for generations to come. They think that I can potentially become an area where there are some regions that and the tearing down of the trees around there and it would take away from the potential that has to be become a major Park City. Again, I urge you to vote no. There are other places that this facility can be built. Just consider other options here. Thank you very much for your time. Bye. [07:59:48]				[]	[]	[{'start': 1112, 'end': 1120, 'span': '07:59:48', 'annotation': 'time', 'schema': 'labeling', 'annotation_title': 'time'}]	[]	[]	[]	[]	[{'start': 9, 'end': 23, 'span': 'MICHAEL GERBER', 'annotation': 'person', 'schema': 'labeling', 'annotation_title': 'person'}, {'start': 51, 'end': 65, 'span': 'Michael Gerber', 'annotation': 'person', 'schema': 'labeling', 'annotation_title': 'person'}]	[]	[]	"[{'start': 71, 'end': 104, 'span': ""I've lived in the city of Atlanta"", 'annotation': 'resident', 'schema': 'labeling', 'annotation_title': 'resident'}]"	[{'start': 140, 'end': 152, 'span': 'Georgia Tech', 'annotation': 'location', 'schema': 'labeling', 'annotation_title': 'location'}, {'start': 196, 'end': 202, 'span': 'Salina', 'annotation': 'location', 'schema': 'labeling', 'annotation_title': 'location'}, {'start': 222, 'end': 229, 'span': 'Midtown', 'annotation': 'location', 'schema': 'labeling', 'annotation_title': 'location'}]
test2@test.com	12	>> FRANK: [08:01:48] Hello, my name is Frank Zachary. I live in the southern neighborhood of District 12. I'm asking you to vote no on the proposal on cutting down South River Forest Area. It's simply, not what the community wants. Thank you. [08:02:07]				[]	[]	[{'start': 23, 'end': 31, 'span': '08:01:48', 'annotation': 'time', 'schema': 'labeling', 'annotation_title': 'time'}]	[]	[]	[]	[]	[{'start': 15, 'end': 20, 'span': 'FRANK', 'annotation': 'person', 'schema': 'labeling', 'annotation_title': 'person'}, {'start': 51, 'end': 64, 'span': 'Frank Zachary', 'annotation': 'person', 'schema': 'labeling', 'annotation_title': 'person'}]	[]	[]	[]	"[{'start': 66, 'end': 222, 'span': 'I live in the southern neighborhood of <span class=""span_container"" selection_label=""location"" style=""background-color:rgb(145, 30, 180, 0.25);"">District 12', 'annotation': 'location', 'schema': 'labeling', 'annotation_title': 'location'}, {'start': 259, 'end': 443, 'span': '08:02:07<div class=""span_container"" data-<span="""" data-schema=""labeling"" name=""time"" selection_label=""location"" style=""background-color:rgb(145, 30, 180,0.25);"">South River Forest Area', 'annotation': 'location', 'schema': 'labeling', 'annotation_title': 'location</div>'}]"
test2@test.com	6	>> MAN #7: [07:57:04] This is [indiscernible]. And I'm in support of the public safety training center on Key Road. Thank you. [07:57:15]				[]	[]	[{'start': 18, 'end': 26, 'span': '07:57:04', 'annotation': 'time', 'schema': 'labeling', 'annotation_title': 'time'}, {'start': 134, 'end': 142, 'span': '07:57:15', 'annotation': 'time', 'schema': 'labeling', 'annotation_title': 'time'}]	[]	[]	[]	[]	[]	[]	[]	[]	[{'start': 112, 'end': 120, 'span': 'Key Road', 'annotation': 'location', 'schema': 'labeling', 'annotation_title': 'location'}]
test2@test.com	9	>> CREATURE YOUNG: [07:59:49] Hello. My name is Creature Young. I'm a, South East Atlanta resident. I am calling to express my opposition on the proposal to lease the South River Forest in the old Atlanta prison farm as a police training facility. The Atlanta city design documents themselves pacify the South River Forest is going to be the keystone of Atlanta's future park in a greenspace. So, I don't know why we would not want to be careful planning unless it's an emergency and I don't see an emergency here. So, I think there's lots of other potential places for the training facility. It can go to industrial sites, strip malls, other places in Atlanta that they can make a facility like this. But there's only one work area. And, we believe that these overgrown trees that we're talking about here, that's irreplaceable. Let's keep the forest, and keep this training facility somewhere else. Thank you. [08:00:55]				[]	[]	[{'start': 26, 'end': 34, 'span': '07:59:49', 'annotation': 'time', 'schema': 'labeling', 'annotation_title': 'time'}, {'start': 1175, 'end': 1183, 'span': '08:00:55', 'annotation': 'time', 'schema': 'labeling', 'annotation_title': 'time'}]	[]	[]	[]	[]	[{'start': 9, 'end': 23, 'span': 'CREATURE YOUNG', 'annotation': 'person', 'schema': 'labeling', 'annotation_title': 'person'}, {'start': 54, 'end': 68, 'span': 'Creature Young', 'annotation': 'person', 'schema': 'labeling', 'annotation_title': 'person'}]	[]	[]	[]	"[{'start': 70, 'end': 201, 'span': 'I\'m a, <span class=""span_container"" selection_label=""location"" style=""background-color:rgb(145, 30, 180, 0.25);"">South East Atlanta', 'annotation': 'location', 'schema': 'labeling', 'annotation_title': 'location'}, {'start': 459, 'end': 478, 'span': 'Atlanta prison farm', 'annotation': 'location', 'schema': 'labeling', 'annotation_title': 'location'}, {'start': 566, 'end': 584, 'span': 'South River Forest', 'annotation': 'location', 'schema': 'labeling', 'annotation_title': 'location'}, {'start': 616, 'end': 623, 'span': 'Atlanta', 'annotation': 'location', 'schema': 'labeling', 'annotation_title': 'location'}, {'start': 915, 'end': 922, 'span': 'Atlanta', 'annotation': 'location', 'schema': 'labeling', 'annotation_title': 'location'}]"
test2@test.com	5	>> CATHERINE REED: [07:56:27] My name is Catherine Reed, and I would like to voice my comment in support, but keeping the old Atlanta prison farm out of the equation. I want to fence every acre of the Atlanta prison farm. Do not give away this historic park for a training center that you can put somewhere else. Thank you. [07:57:04]				[]	[]	[{'start': 26, 'end': 34, 'span': '07:56:27', 'annotation': 'time', 'schema': 'labeling', 'annotation_title': 'time'}, {'start': 331, 'end': 339, 'span': '07:57:04', 'annotation': 'time', 'schema': 'labeling', 'annotation_title': 'time'}]	[]	[]	[]	[]	[{'start': 9, 'end': 23, 'span': 'CATHERINE REED', 'annotation': 'person', 'schema': 'labeling', 'annotation_title': 'person'}, {'start': 47, 'end': 61, 'span': 'Catherine Reed', 'annotation': 'person', 'schema': 'labeling', 'annotation_title': 'person'}]	[]	[]	[]	[{'start': 132, 'end': 151, 'span': 'Atlanta prison farm', 'annotation': 'location', 'schema': 'labeling', 'annotation_title': 'location'}, {'start': 207, 'end': 226, 'span': 'Atlanta prison farm', 'annotation': 'location', 'schema': 'labeling', 'annotation_title': 'location'}]
test2@test.com	11	>> WOMAN #11: [08:01:16] Hello. This is. [indiscernible] I oppose the proposal by Joyce Sheperd to lease part of the South River Forest to the Atlanta Police Foundation. I stand firmly against putting more money into policing. Thank you. [08:01:47]				[{'start': 149, 'end': 163, 'span': 'Atlanta Police', 'annotation': 'organization', 'schema': 'labeling', 'annotation_title': 'organization'}]	[]	[{'start': 245, 'end': 253, 'span': '08:01:47', 'annotation': 'time', 'schema': 'labeling', 'annotation_title': 'time'}]	[]	[]	[]	[]	[{'start': 9, 'end': 18, 'span': 'WOMAN #11', 'annotation': 'person', 'schema': 'labeling', 'annotation_title': 'person'}]	[]	[]	[]	[{'start': 123, 'end': 141, 'span': 'South River Forest', 'annotation': 'location', 'schema': 'labeling', 'annotation_title': 'location'}]
test2@test.com	14	>> ANDREW JOHNSON: [08:04:13] Hi. My name is Andrew Johnson, a resident of DeKalb County. I oppose the proposal by Joyce Sheperd to lease public land to the privately owned corporate funded Atlanta Police Foundation. This land is listed as an area of ecological and historical [indiscernible]. And is designed to benefit the residents of the surrounding neighborhood. [indiscernible]. This proposal lacks a democratic process. Residents were not consulted prior to the proposal. [indiscernible] Vote no on the proposal to lease this land to the Atlanta Police Foundation, and we will remember your vote on this matter in the next election. Thank you. [08:04:56]				[{'start': 452, 'end': 477, 'span': 'Atlanta Police Foundation', 'annotation': 'organization', 'schema': 'labeling', 'annotation_title': 'organization'}, {'start': 807, 'end': 832, 'span': 'Atlanta Police Foundation', 'annotation': 'organization', 'schema': 'labeling', 'annotation_title': 'organization'}]	[]	[{'start': 26, 'end': 34, 'span': '08:04:13', 'annotation': 'time', 'schema': 'labeling', 'annotation_title': 'time'}, {'start': 914, 'end': 922, 'span': '08:04:56', 'annotation': 'time', 'schema': 'labeling', 'annotation_title': 'time'}]	[{'start': 479, 'end': 554, 'span': 'This land is listed as an area of ecological and historical [indiscernible]', 'annotation': 'why NO', 'schema': 'labeling', 'annotation_title': 'why NO'}, {'start': 556, 'end': 645, 'span': 'And is designed to benefit the residents of the surrounding neighborhood. [indiscernible]', 'annotation': 'why NO', 'schema': 'labeling', 'annotation_title': 'why NO'}, {'start': 647, 'end': 687, 'span': 'This proposal lacks a democratic process', 'annotation': 'why NO', 'schema': 'labeling', 'annotation_title': 'why NO'}, {'start': 689, 'end': 739, 'span': 'Residents were not consulted prior to the proposal', 'annotation': 'why NO', 'schema': 'labeling', 'annotation_title': 'why NO'}]	[]	[]	[{'start': 352, 'end': 390, 'span': 'I oppose the proposal by Joyce Sheperd', 'annotation': 'NO to Cop City', 'schema': 'labeling', 'annotation_title': 'NO to Cop City'}, {'start': 757, 'end': 764, 'span': 'Vote no', 'annotation': 'NO to Cop City', 'schema': 'labeling', 'annotation_title': 'NO to Cop City'}]	[{'start': 9, 'end': 23, 'span': 'ANDREW JOHNSON', 'annotation': 'person', 'schema': 'labeling', 'annotation_title': 'person'}, {'start': 51, 'end': 65, 'span': 'Andrew Johnson', 'annotation': 'person', 'schema': 'labeling', 'annotation_title': 'person'}]	[]	[]	[]	"[{'start': 69, 'end': 200, 'span': 'resident of <span class=""span_container"" selection_label=""location"" style=""background-color:rgb(145, 30, 180, 0.25);"">DeKalb County', 'annotation': 'location', 'schema': 'labeling', 'annotation_title': 'location'}]"
test2@test.com	13	>> CAROL COOPER LANE: [08:02:08] This is Carol Cooper Lane. Thank you very much for this opportunity to address you on the issue of the public safety training center. We planned a decision, and I think it's incredibly important that [indiscernible]. [08:04:12]				[]	[]	[{'start': 47, 'end': 55, 'span': '08:02:08', 'annotation': 'time', 'schema': 'labeling', 'annotation_title': 'time'}, {'start': 266, 'end': 274, 'span': '08:04:12', 'annotation': 'time', 'schema': 'labeling', 'annotation_title': 'time'}]	[]	[]	[]	[]	[{'start': 27, 'end': 44, 'span': 'CAROL COOPER LANE', 'annotation': 'person', 'schema': 'labeling', 'annotation_title': 'person'}, {'start': 65, 'end': 82, 'span': 'Carol Cooper Lane', 'annotation': 'person', 'schema': 'labeling', 'annotation_title': 'person'}]	[]	[]	[]	[]
test2@test.com	10	>> DR. BRUCE: [08:01:55] My name is Doctor Bruce. I am an employee with of the City of Atlanta Police Department. Also, I'm Atlanta resident for at least 15 years. Please vote yes for the public training facility for both police and fire. It is highly needed for the citizens of Atlanta to pay for their police and fire to add more training and better input. Please vote yes for Joyce Sheperd. Thank you. [08:01:15]				[{'start': 85, 'end': 118, 'span': 'City of Atlanta Police Department', 'annotation': 'organization', 'schema': 'labeling', 'annotation_title': 'organization'}]	[]	[{'start': 21, 'end': 29, 'span': '08:01:55', 'annotation': 'time', 'schema': 'labeling', 'annotation_title': 'time'}, {'start': 668, 'end': 676, 'span': '08:01:15', 'annotation': 'time', 'schema': 'labeling', 'annotation_title': 'time'}]	[]	[]	[]	[]	[{'start': 9, 'end': 18, 'span': 'DR. BRUCE', 'annotation': 'person', 'schema': 'labeling', 'annotation_title': 'person'}, {'start': 42, 'end': 54, 'span': 'Doctor Bruce', 'annotation': 'person', 'schema': 'labeling', 'annotation_title': 'person'}]	[]	[]	[]	"[{'start': 126, 'end': 243, 'span': 'I\'m <span class=""span_container"" selection_label=""location"" style=""background-color:rgb(145, 30, 180, 0.25);"">Atlanta', 'annotation': 'location', 'schema': 'labeling', 'annotation_title': 'location'}, {'start': 541, 'end': 548, 'span': 'Atlanta', 'annotation': 'location', 'schema': 'labeling', 'annotation_title': 'location'}]"
test2@test.com	3	>> EMILY JOHNSON: [07:54:04] Hi there. My name is Emily Johnson and I am a resident of Atlanta. I'm calling to express my extreme concern and condemnation of the proposed construction of 300 acres for a playground for cops. In the past year, your constituents, myself included, have been pleading with you to divest money from policing and invest in community programs. [indiscernible]. This proposed facility is a slap in the face in light of the Atlanta residents. Additionally, we are facing a warming climate and increased occurrence of natural disasters. To ensure Atlanta remains a resilient city, we must make sure that our green spaces are protected. The destruction of the forests would have extreme ecological impacts that would threaten the well-being of my community. I'm pleading with you to listen to the community and vote no on this plan. Thank you. [07:55:00]				[]	[]	[{'start': 25, 'end': 33, 'span': '07:54:04', 'annotation': 'time', 'schema': 'labeling', 'annotation_title': 'time'}, {'start': 873, 'end': 881, 'span': '07:55:00', 'annotation': 'time', 'schema': 'labeling', 'annotation_title': 'time'}]	[]	[]	[]	[]	[{'start': 9, 'end': 22, 'span': 'EMILY JOHNSON', 'annotation': 'person', 'schema': 'labeling', 'annotation_title': 'person'}, {'start': 56, 'end': 69, 'span': 'Emily Johnson', 'annotation': 'person', 'schema': 'labeling', 'annotation_title': 'person'}]	[]	[]	[{'start': 74, 'end': 89, 'span': 'I am a resident', 'annotation': 'resident', 'schema': 'labeling', 'annotation_title': 'resident'}]	[{'start': 93, 'end': 100, 'span': 'Atlanta', 'annotation': 'location', 'schema': 'labeling', 'annotation_title': 'location'}, {'start': 454, 'end': 461, 'span': 'Atlanta', 'annotation': 'location', 'schema': 'labeling', 'annotation_title': 'location'}, {'start': 576, 'end': 583, 'span': 'Atlanta', 'annotation': 'location', 'schema': 'labeling', 'annotation_title': 'location'}]
test2@test.com	16	>> MEGHAN MURPHY: [08:06:05] Hi there. My name is Meghan Murphy. Smith is my representative in council. [indiscernible] and do not teargas crowd. That is not what we [indiscernible] please use that money to help protect our kids I do not believe Atlanta police department need another training facility for the Atlanta Police department [indiscernible] [08:07:24]				"[{'start': 235, 'end': 387, 'span': 'I do not believe <span class=""span_container"" selection_label=""organization"" style=""background-color:rgb(255, 225, 25, 0.25);"">Atlanta police department', 'annotation': 'organization', 'schema': 'labeling', 'annotation_title': 'organization'}]"	[]	[{'start': 25, 'end': 33, 'span': '08:06:05', 'annotation': 'time', 'schema': 'labeling', 'annotation_title': 'time'}, {'start': 633, 'end': 641, 'span': '08:07:24', 'annotation': 'time', 'schema': 'labeling', 'annotation_title': 'time'}]	[]	[]	[]	[]	[{'start': 9, 'end': 22, 'span': 'MEGHAN MURPHY', 'annotation': 'person', 'schema': 'labeling', 'annotation_title': 'person'}, {'start': 56, 'end': 69, 'span': 'Meghan Murphy', 'annotation': 'person', 'schema': 'labeling', 'annotation_title': 'person'}, {'start': 71, 'end': 76, 'span': 'Smith', 'annotation': 'person', 'schema': 'labeling', 'annotation_title': 'person'}]	[]	[]	[]	[]
test3@test.com	1	>> MARY ROBISNSON: [07:52:03] Hi, my name is Mary Robinson. I'm calling with concerns over the proposed police training facility on Key Road. I'm a resident of the prison farm neighborhood, where the training facility is going to be build. I strongly oppose the proposed police training center for several reasons. The first being that Atlanta police already have nearly 100 acres elsewhere, that they should be using. [indiscernible] property slowly being reclaimed by the surrounding forest wetlands and the hundreds of species of animals that reside there. We find any part of these wetlands and woods that remain in our city as an explosion and negatively impact the efficiency of our natural floodplain as well as the climate. There isn't so much space available in the city of Atlanta itself. Rather than putting the farm on unincorporated DeKalb County because they can get away with that portion already sitting in the street. [indiscernible]. Thank you. [07:53:20]		entity_annotation:::time	4	[]	[]	[]	[]	[]	[]	[]	[]	[]	[]	[]	[]
test4@test.com	1	>> MARY ROBISNSON: [07:52:03] Hi, my name is Mary Robinson. I'm calling with concerns over the proposed police training facility on Key Road. I'm a resident of the prison farm neighborhood, where the training facility is going to be build. I strongly oppose the proposed police training center for several reasons. The first being that Atlanta police already have nearly 100 acres elsewhere, that they should be using. [indiscernible] property slowly being reclaimed by the surrounding forest wetlands and the hundreds of species of animals that reside there. We find any part of these wetlands and woods that remain in our city as an explosion and negatively impact the efficiency of our natural floodplain as well as the climate. There isn't so much space available in the city of Atlanta itself. Rather than putting the farm on unincorporated DeKalb County because they can get away with that portion already sitting in the street. [indiscernible]. Thank you. [07:53:20]		5		[]	[]	[]	[]	[]	[]	[]	[]	[]	[]	[]	[]
test9@test.com	7	>> JASON FORD: [07:57:16] Jason FORD. I'm actually convinced that the Atlanta police department and all that employees deserve the training facility, [indiscernible]. [07:57:55]]				"[{'start': 56, 'end': 223, 'span': 'I\'m actually convinced that the <span class=""span_container"" selection_label=""organization"" style=""background-color:rgb(255, 225, 25, 0.25);"">Atlanta police department', 'annotation': 'organization', 'schema': 'entity_annotation', 'annotation_title': 'organization'}]"	[]	[{'start': 34, 'end': 42, 'span': '07:57:16', 'annotation': 'time', 'schema': 'entity_annotation', 'annotation_title': 'time'}]	[]	[]	[]	[]	[{'start': 20, 'end': 31, 'span': ' JASON FORD', 'annotation': 'person', 'schema': 'entity_annotation', 'annotation_title': 'person'}, {'start': 43, 'end': 54, 'span': ' Jason FORD', 'annotation': 'person', 'schema': 'entity_annotation', 'annotation_title': 'person'}]	[]	[]	[]	[]
test9@test.com	4	>> MARY PARK: [07:55:00] This is Mary Park and I live on Taylor Street, near the Carter Library. I am calling because I'm concerned about the police training facility that y'all are, thinking of building, and what I want to say that this is not how our money should be spent. [indiscernible]. Anyway, I live in the city of Atlanta in DeKalb County. And so that's my opinion. [07:56:26]				[]	[]	[{'start': 21, 'end': 29, 'span': '07:55:00', 'annotation': 'time', 'schema': 'entity_annotation', 'annotation_title': 'time'}, {'start': 382, 'end': 390, 'span': '07:56:26', 'annotation': 'time', 'schema': 'entity_annotation', 'annotation_title': 'time'}]	[]	[]	[]	[]	[{'start': 9, 'end': 19, 'span': 'MARY PARK:', 'annotation': 'person', 'schema': 'entity_annotation', 'annotation_title': 'person'}, {'start': 39, 'end': 48, 'span': 'Mary Park', 'annotation': 'person', 'schema': 'entity_annotation', 'annotation_title': 'person'}]	[]	"[{'start': 103, 'end': 280, 'span': ""I am calling because I'm concerned about the police training facility that y'all are, thinking of building, and what I want to say that this is not how our money should be spent"", 'annotation': 'Opposition', 'schema': 'entity_annotation', 'annotation_title': 'Opposition'}]"	[]	[{'start': 63, 'end': 76, 'span': 'Taylor Street', 'annotation': 'location', 'schema': 'entity_annotation', 'annotation_title': 'location'}, {'start': 87, 'end': 101, 'span': 'Carter Library', 'annotation': 'location', 'schema': 'entity_annotation', 'annotation_title': 'location'}, {'start': 329, 'end': 336, 'span': 'Atlanta', 'annotation': 'location', 'schema': 'entity_annotation', 'annotation_title': 'location'}, {'start': 340, 'end': 353, 'span': 'DeKalb County', 'annotation': 'location', 'schema': 'entity_annotation', 'annotation_title': 'location'}]
test9@test.com	19	>> FRANKLIN JOHNSON MORRIS: [00:08:27] I'm Franklin Johnson, last name Morris. I'm calling to put my training in on how we, and I are not for the extension of another police precinct or thinking of natural land or behind the 20 prisoners that establish anything that they're trying to hide on word. I'm trying to make sure that they're not running elsewhere, please. And for all that, there are plenty of empty parking lots, empty buildings, empty places that have already been built that you should preserve and replenish and renovate if you do want to do this expansion, but I'm obviously against cutting down trees and destroying history, something that is obviously a huge waste of money. You're better off starting all the positive things there to help those in poverty than needed to imprison those who are suing that have been put on probation come back on the $90 million figure. Not quite enough to figure this out. You can't wait to get on enforcement. You should get it for support and then you all have to be enforcement involved. Ya'll have a great day. I want to hear about that soon. Hope y'all make the best decision for weather, you know that we want. Bye. [08:09:56]				[]	[]	[{'start': 35, 'end': 43, 'span': '00:08:27', 'annotation': 'time', 'schema': 'entity_annotation', 'annotation_title': 'time'}, {'start': 1181, 'end': 1189, 'span': '08:09:56', 'annotation': 'time', 'schema': 'entity_annotation', 'annotation_title': 'time'}]	[]	[]	[]	[]	[{'start': 9, 'end': 32, 'span': 'FRANKLIN JOHNSON MORRIS', 'annotation': 'person', 'schema': 'entity_annotation', 'annotation_title': 'person'}, {'start': 49, 'end': 65, 'span': 'Franklin Johnson', 'annotation': 'person', 'schema': 'entity_annotation', 'annotation_title': 'person'}, {'start': 77, 'end': 83, 'span': 'Morris', 'annotation': 'person', 'schema': 'entity_annotation', 'annotation_title': 'person'}]	[]	[]	[]	[]
test9@test.com	15	>> WOMAN #12: [08:04:56] My name is [indiscernible]. I am a resident of City of Atlanta. I oppose the proposal by Joyce Sheperd to lease public land to privately owned corporate funded Atlanta Police Foundation. This land should be used by the residents of the surrounding neighborhood in DeKalb County, not by cops. Cops and cop academy do not keep people safe. The facility will be used to train cops to better use violent suppression tactics against Atlanta civilians with explosives testing and dangerous shooting ranges. The fact that this forest used to be a prison farm underscores the connection between the legacy of slavery to modern day policing. City-wide elections are in November and voters are paying close attention to your vote on the cop academy and issues related to policing and incarceration. We're prepared to vote you out. Again, I oppose Joyce Sheperd proposal and I urge all of you to vote no. [08:06:04]				[]	[]	[{'start': 27, 'end': 35, 'span': '08:04:56', 'annotation': 'time', 'schema': 'entity_annotation', 'annotation_title': 'time'}]	[{'start': 857, 'end': 901, 'span': 'Cops and cop academy do not keep people safe', 'annotation': 'why NO', 'schema': 'entity_annotation', 'annotation_title': 'why NO'}, {'start': 902, 'end': 1064, 'span': ' The facility will be used to train cops to better use violent suppression tactics against Atlanta civilians with explosives testing and dangerous shooting ranges', 'annotation': 'why NO', 'schema': 'entity_annotation', 'annotation_title': 'why NO'}]	[]	[]	[]	[{'start': 15, 'end': 24, 'span': 'WOMAN #12', 'annotation': 'person', 'schema': 'entity_annotation', 'annotation_title': 'person'}]	[]	[{'start': 366, 'end': 487, 'span': 'I oppose the proposal by Joyce Sheperd to lease public land to privately owned corporate funded Atlanta Police Foundation', 'annotation': 'Opposition', 'schema': 'entity_annotation', 'annotation_title': 'Opposition'}, {'start': 1231, 'end': 1262, 'span': 'I oppose Joyce Sheperd proposal', 'annotation': 'Opposition', 'schema': 'entity_annotation', 'annotation_title': 'Opposition'}]	[]	"[{'start': 65, 'end': 205, 'span': 'I am a resident of <span class=""span_container"" selection_label=""location"" style=""background-color:rgb(145, 30, 180, 0.25);"">City of Atlanta', 'annotation': 'location', 'schema': 'entity_annotation', 'annotation_title': 'location'}, {'start': 489, 'end': 685, 'span': 'This land should be used by the residents of the surrounding neighborhood in <span class=""span_container"" selection_label=""location"" style=""background-color:rgb(145, 30, 180, 0.25);"">DeKalb County', 'annotation': 'location', 'schema': 'entity_annotation', 'annotation_title': 'location'}]"
test9@test.com	29	>> AKHIL MOSLEY: [05:46:25] And so, I know people are throwing out a whole bunch of solutions to the matter. I don't have a whole lot of answers, but the first thing that needs to be done is restoring that forest. [05:46:33] [05:46:41] [clapping]. [05:46:41] When it comes to the methods that people use to protest, the fact of the matter is that a lot of people are going unheard, and we can check respectability politics all day and all that other mess. But the fact of the matter is, Tortuguita should be here today. The same policing policies that we are trying to change are what led to his death. That is a direct tie. And so when we're talking today, now contextualizing everything. I think I heard some mess about crime rate, crime rate, crime rate, crime rate. What happened in the last three years? Between March of 2020 and March of 2022, America lost a million people to COVID. This area, we lost thousands of residents to COVID. I'm not even giving in to the rhetoric behind the crime rate, but I'm also understanding that none of us are right now. None of us. And so when we have already made our case known for changing the way policing is done in this city, why are we back here? And the manner in which this whole public comment was conducted was, if not intentionally disruptive, callous of the council. You all knew we were coming. You all knew we were coming. So, what's the issue with the locked doors, the elevators not working, no water present? Going into how people found out if they're speaking. There are some folks who signed up to speak who are in the building, who didn't get the opportunity to speak because the doors were closed. [05:48:21] --- [05:48:21] And then you all took like an hour or so to be able to get the list out so people knew that they were coming up next. None of that is okay. And so moving forward, what does this mean? What happens next depends on you all. I am, as I said it, a DeKalb County resident. Had been for five years, but I was born and raised in Akron, Ohio, where in June of last year, we had lost Jaylen Walker, a 25 years old, to dozens of police bullets in his back. Totally unnecessary. But police departments tend to think of each other like McDonald's and Wendy's rather than part of the same franchise. So, what I'm recognizing is that Cop City ties everything together, because now we don't get to just point out the local instances of police brutality in the future after voting for this. If you all were to do so, we're going to look at whether or not the officers were trained here. We will continue to hold you all accountable, whether or not you all listen to us today and just know that all the tactics that have been used to dissuade us will not work. Know that you all picked the wrong opportunity to pick this facility because people have been inside for the last three years. We outside now.				[]	[]	[]	[]	[]	[]	[]	[{'start': 9, 'end': 21, 'span': 'AKHIL MOSLEY', 'annotation': 'person', 'schema': 'entity_annotation', 'annotation_title': 'person'}]	[]	[]	[]	[]
test9@test.com	8	>> MICHAEL GERBER: [07:58:55] Hi, my name is Michael Gerber, and I've lived in the city of Atlanta now since 1998. I was a student at Georgia Tech, and then for about 15 years down here, in Salina, and now I live in Midtown. I'm calling to urge the entire council to vote no on the construction of the public training facility that is being proposed to be built on the old prison farm in the southeastern part of the city. I visited numerous that area and gone on some hikes. Also, with a group of friends and some scenic through there, you have a good time, and it's a nice little getaway from the rest of the city. And this is so much potential in that whole area to be another great part to the city and for generations to come. They think that I can potentially become an area where there are some regions that and the tearing down of the trees around there and it would take away from the potential that has to be become a major Park City. Again, I urge you to vote no. There are other places that this facility can be built. Just consider other options here. Thank you very much for your time. Bye. [07:59:48]				[{'start': 405, 'end': 417, 'span': 'Georgia Tech', 'annotation': 'organization', 'schema': 'entity_annotation', 'annotation_title': 'organization'}]	[]	[{'start': 26, 'end': 34, 'span': '07:58:55', 'annotation': 'time', 'schema': 'entity_annotation', 'annotation_title': 'time'}, {'start': 1640, 'end': 1648, 'span': '07:59:48', 'annotation': 'time', 'schema': 'entity_annotation', 'annotation_title': 'time'}]	"[{'start': 694, 'end': 745, 'span': 'I visited numerous that area and gone on some hikes', 'annotation': 'why NO', 'schema': 'entity_annotation', 'annotation_title': 'why NO'}, {'start': 747, 'end': 886, 'span': ""Also, with a group of friends and some scenic through there, you have a good time, and it's a nice little getaway from the rest of the city"", 'annotation': 'why NO', 'schema': 'entity_annotation', 'annotation_title': 'why NO'}, {'start': 888, 'end': 1001, 'span': 'And this is so much potential in that whole area to be another great part to the city and for generations to come', 'annotation': 'why NO', 'schema': 'entity_annotation', 'annotation_title': 'why NO'}]"	[]	[]	[]	[{'start': 9, 'end': 23, 'span': 'MICHAEL GERBER', 'annotation': 'person', 'schema': 'entity_annotation', 'annotation_title': 'person'}, {'start': 51, 'end': 65, 'span': 'Michael Gerber', 'annotation': 'person', 'schema': 'entity_annotation', 'annotation_title': 'person'}]	[]	[{'start': 535, 'end': 597, 'span': 'to vote no on the construction of the public training facility', 'annotation': 'Opposition', 'schema': 'entity_annotation', 'annotation_title': 'Opposition'}, {'start': 1486, 'end': 1507, 'span': 'I urge you to vote no', 'annotation': 'Opposition', 'schema': 'entity_annotation', 'annotation_title': 'Opposition'}]	[]	"[{'start': 71, 'end': 210, 'span': 'I\'ve lived in the city of <span class=""span_container"" selection_label=""location"" style=""background-color:rgb(145, 30, 180, 0.25);"">Atlanta', 'annotation': 'location', 'schema': 'entity_annotation', 'annotation_title': 'location'}, {'start': 461, 'end': 467, 'span': 'Salina', 'annotation': 'location', 'schema': 'entity_annotation', 'annotation_title': 'location'}, {'start': 487, 'end': 494, 'span': 'Midtown', 'annotation': 'location', 'schema': 'entity_annotation', 'annotation_title': 'location'}, {'start': 1003, 'end': 1320, 'span': 'They think that I can potentially become an area where there are some regions that and the tearing down of the trees around there and it would take away from the potential that has to be become a major <span class=""span_container"" selection_label=""location"" style=""background-color:rgb(145, 30, 180, 0.25);"">Park City', 'annotation': 'location', 'schema': 'entity_annotation', 'annotation_title': 'location'}]"
test9@test.com	6	>> MAN #7: [07:57:04] This is [indiscernible]. And I'm in support of the public safety training center on Key Road. Thank you. [07:57:15]				[]	[]	[{'start': 140, 'end': 148, 'span': '07:57:15', 'annotation': 'time', 'schema': 'entity_annotation', 'annotation_title': 'time'}]	[]	[]	"[{'start': 63, 'end': 126, 'span': ""I'm in support of the public safety training center on Key Road"", 'annotation': 'Agreement', 'schema': 'entity_annotation', 'annotation_title': 'Agreement'}]"	[]	[{'start': 15, 'end': 21, 'span': 'MAN #7', 'annotation': 'person', 'schema': 'entity_annotation', 'annotation_title': 'person'}]	[]	[]	[]	[]
test9@test.com	20	>> WELL KASTORI: [08:09:57] My name is Well Kastori. I'm calling because I want you to face the old prison bond. Please, we need green space, we need fresh air, we need major. Union police can find another location. Location farm, it's historic home and priceless in value. Building all those things at the Atlanta police want is this going to bring more pollution? You think it's somewhere that's already destroying. Let's keep our priceless historical prison farm intact. Thank you. [08:10:48]				[]	[]	[{'start': 24, 'end': 32, 'span': '08:09:57', 'annotation': 'time', 'schema': 'entity_annotation', 'annotation_title': 'time'}, {'start': 492, 'end': 500, 'span': '08:10:48', 'annotation': 'time', 'schema': 'entity_annotation', 'annotation_title': 'time'}]	[{'start': 127, 'end': 180, 'span': 'we need green space, we need fresh air, we need major', 'annotation': 'why NO', 'schema': 'entity_annotation', 'annotation_title': 'why NO'}, {'start': 182, 'end': 220, 'span': 'Union police can find another location', 'annotation': 'why NO', 'schema': 'entity_annotation', 'annotation_title': 'why NO'}, {'start': 280, 'end': 371, 'span': 'Building all those things at the Atlanta police want is this going to bring more pollution?', 'annotation': 'why NO', 'schema': 'entity_annotation', 'annotation_title': 'why NO'}]	[]	[]	[]	[{'start': 8, 'end': 21, 'span': ' WELL KASTORI', 'annotation': 'person', 'schema': 'entity_annotation', 'annotation_title': 'person'}, {'start': 45, 'end': 57, 'span': 'Well Kastori', 'annotation': 'person', 'schema': 'entity_annotation', 'annotation_title': 'person'}]	[]	[]	[]	[]
test9@test.com	14	>> ANDREW JOHNSON: [08:04:13] Hi. My name is Andrew Johnson, a resident of DeKalb County. I oppose the proposal by Joyce Sheperd to lease public land to the privately owned corporate funded Atlanta Police Foundation. This land is listed as an area of ecological and historical [indiscernible]. And is designed to benefit the residents of the surrounding neighborhood. [indiscernible]. This proposal lacks a democratic process. Residents were not consulted prior to the proposal. [indiscernible] Vote no on the proposal to lease this land to the Atlanta Police Foundation, and we will remember your vote on this matter in the next election. Thank you. [08:04:56]				"[{'start': 361, 'end': 596, 'span': 'I oppose the proposal by Joyce Sheperd to lease public land to the privately owned corporate funded <span class=""span_container"" selection_label=""organization"" style=""background-color:rgb(255, 225, 25, 0.25);"">Atlanta Police Foundation', 'annotation': 'organization', 'schema': 'entity_annotation', 'annotation_title': 'organization'}, {'start': 1040, 'end': 1225, 'span': 'Vote no on the proposal to lease this land to the <span class=""span_container"" selection_label=""organization"" style=""background-color:rgb(255, 225, 25, 0.25);"">Atlanta Police Foundation', 'annotation': 'organization', 'schema': 'entity_annotation', 'annotation_title': 'organization'}]"	[]	[{'start': 26, 'end': 34, 'span': '08:04:13', 'annotation': 'time', 'schema': 'entity_annotation', 'annotation_title': 'time'}, {'start': 1471, 'end': 1479, 'span': '08:04:56', 'annotation': 'time', 'schema': 'entity_annotation', 'annotation_title': 'time'}]	[{'start': 762, 'end': 911, 'span': 'This land is listed as an area of ecological and historical [indiscernible]. And is designed to benefit the residents of the surrounding neighborhood', 'annotation': 'why NO', 'schema': 'entity_annotation', 'annotation_title': 'why NO'}, {'start': 930, 'end': 970, 'span': 'This proposal lacks a democratic process', 'annotation': 'why NO', 'schema': 'entity_annotation', 'annotation_title': 'why NO'}, {'start': 972, 'end': 1022, 'span': 'Residents were not consulted prior to the proposal', 'annotation': 'why NO', 'schema': 'entity_annotation', 'annotation_title': 'why NO'}]	[]	[]	[]	[{'start': 8, 'end': 23, 'span': ' ANDREW JOHNSON', 'annotation': 'person', 'schema': 'entity_annotation', 'annotation_title': 'person'}, {'start': 51, 'end': 65, 'span': 'Andrew Johnson', 'annotation': 'person', 'schema': 'entity_annotation', 'annotation_title': 'person'}]	[]	[]	[]	"[{'start': 67, 'end': 200, 'span': 'a resident of <span class=""span_container"" selection_label=""location"" style=""background-color:rgb(145, 30, 180, 0.25);"">DeKalb County', 'annotation': 'location', 'schema': 'entity_annotation', 'annotation_title': 'location'}]"
test9@test.com	32	>> AUDIENCE MEMBERS: [05:50:00] [cheering]. [05:50:00]				[]	[]	[{'start': 28, 'end': 36, 'span': '05:50:00', 'annotation': 'time', 'schema': 'entity_annotation', 'annotation_title': 'time'}, {'start': 51, 'end': 59, 'span': '05:50:00', 'annotation': 'time', 'schema': 'entity_annotation', 'annotation_title': 'time'}]	[]	[]	[]	[]	[{'start': 9, 'end': 25, 'span': 'AUDIENCE MEMBERS', 'annotation': 'person', 'schema': 'entity_annotation', 'annotation_title': 'person'}]	[]	[]	[]	[]
test9@test.com	21	>> AUDIENCE MEMBERS: [05:42:09] [cheering] Thank you. Next up is Sean Moseley. Is Sean Mosley here? Okay. Sean Mosley? I don't think so. Akhil Gregory for eight minutes. [05:42:33]				[]	[]	[{'start': 28, 'end': 36, 'span': '05:42:09', 'annotation': 'time', 'schema': 'entity_annotation', 'annotation_title': 'time'}, {'start': 177, 'end': 185, 'span': '05:42:33', 'annotation': 'time', 'schema': 'entity_annotation', 'annotation_title': 'time'}]	[]	[]	[]	[]	[{'start': 9, 'end': 25, 'span': 'AUDIENCE MEMBERS', 'annotation': 'person', 'schema': 'entity_annotation', 'annotation_title': 'person'}, {'start': 71, 'end': 83, 'span': 'Sean Moseley', 'annotation': 'person', 'schema': 'entity_annotation', 'annotation_title': 'person'}, {'start': 88, 'end': 99, 'span': 'Sean Mosley', 'annotation': 'person', 'schema': 'entity_annotation', 'annotation_title': 'person'}, {'start': 112, 'end': 123, 'span': 'Sean Mosley', 'annotation': 'person', 'schema': 'entity_annotation', 'annotation_title': 'person'}, {'start': 143, 'end': 156, 'span': 'Akhil Gregory', 'annotation': 'person', 'schema': 'entity_annotation', 'annotation_title': 'person'}]	[]	[]	[]	[]
test9@test.com	16	>> MEGHAN MURPHY: [08:06:05] Hi there. My name is Meghan Murphy. Smith is my representative in council. [indiscernible] and do not teargas crowd. That is not what we [indiscernible] please use that money to help protect our kids I do not believe Atlanta police department need another training facility for the Atlanta Police department [indiscernible] [08:07:24]				[{'start': 317, 'end': 342, 'span': 'Atlanta Police department', 'annotation': 'organization', 'schema': 'entity_annotation', 'annotation_title': 'organization'}]	[]	[{'start': 25, 'end': 33, 'span': '08:06:05', 'annotation': 'time', 'schema': 'entity_annotation', 'annotation_title': 'time'}]	[{'start': 188, 'end': 234, 'span': 'please use that money to help protect our kids', 'annotation': 'why NO', 'schema': 'entity_annotation', 'annotation_title': 'why NO'}, {'start': 235, 'end': 308, 'span': 'I do not believe Atlanta police department need another training facility', 'annotation': 'why NO', 'schema': 'entity_annotation', 'annotation_title': 'why NO'}]	[]	[]	[]	[{'start': 9, 'end': 22, 'span': 'MEGHAN MURPHY', 'annotation': 'person', 'schema': 'entity_annotation', 'annotation_title': 'person'}, {'start': 56, 'end': 69, 'span': 'Meghan Murphy', 'annotation': 'person', 'schema': 'entity_annotation', 'annotation_title': 'person'}, {'start': 71, 'end': 76, 'span': 'Smith', 'annotation': 'person', 'schema': 'entity_annotation', 'annotation_title': 'person'}]	[]	[]	[]	[]
test9@test.com	26	>> AUDIENCE MEMBERS: [05:45:20] [cheering]. [05:45:20][0.0]				[]	[]	[{'start': 28, 'end': 36, 'span': '05:45:20', 'annotation': 'time', 'schema': 'entity_annotation', 'annotation_title': 'time'}, {'start': 51, 'end': 59, 'span': '05:45:20', 'annotation': 'time', 'schema': 'entity_annotation', 'annotation_title': 'time'}]	[]	[]	[]	[]	[{'start': 9, 'end': 25, 'span': 'AUDIENCE MEMBERS', 'annotation': 'person', 'schema': 'entity_annotation', 'annotation_title': 'person'}]	[]	[]	[]	[]
test9@test.com	25	>> AKHIL MOSLEY: [05:44:37] So, what that led to was the Rayshard Brooks bill, which, conveniently enough, the national situation became local for us when we saw another Black man be killed unnecessarily. And reimagining policing in the city of Atlanta. The only thing we're imagining right now is where that policy went. We're left here with a facility that is already behind schedule, over budget, and against the wishes of most of us. And it's also convenient to me how I've been listening to hearing since it started at 1:00. And so where did all the people or the facility go? They disappeared after 15 minutes.				[]	[]	[{'start': 24, 'end': 32, 'span': '05:44:37', 'annotation': 'time', 'schema': 'entity_annotation', 'annotation_title': 'time'}]	[]	[]	[]	[]	[{'start': 8, 'end': 21, 'span': ' AKHIL MOSLEY', 'annotation': 'person', 'schema': 'entity_annotation', 'annotation_title': 'person'}, {'start': 63, 'end': 78, 'span': 'Rayshard Brooks', 'annotation': 'person', 'schema': 'entity_annotation', 'annotation_title': 'person'}]	[]	[]	[]	[{'start': 251, 'end': 258, 'span': 'Atlanta', 'annotation': 'location', 'schema': 'entity_annotation', 'annotation_title': 'location'}]
test9@test.com	2	>> PRINCE WILLIAM WALTERS: [07:53:21] This is Prince William Walters, a homeowner in Gresham Park, and I'm calling to voice my disapproval of the training facility plan for the old Atlanta prison farm. This place should be used for much more public purposes, and I would very much appreciate you hear the voices of the community and our disapproval of the proposed new training facility in the Atlanta prison farm. We do not want this here. Homeowners have spoken, and we would very much appreciate more community minded use of such land. Thank you for your time. [07:54:03]				[]	[]	[{'start': 34, 'end': 42, 'span': '07:53:21', 'annotation': 'time', 'schema': 'entity_annotation', 'annotation_title': 'time'}, {'start': 571, 'end': 579, 'span': '07:54:03', 'annotation': 'time', 'schema': 'entity_annotation', 'annotation_title': 'time'}]	[{'start': 208, 'end': 263, 'span': 'This place should be used for much more public purposes', 'annotation': 'why NO', 'schema': 'entity_annotation', 'annotation_title': 'why NO'}]	[]	[]	[]	[{'start': 9, 'end': 31, 'span': 'PRINCE WILLIAM WALTERS', 'annotation': 'person', 'schema': 'entity_annotation', 'annotation_title': 'person'}, {'start': 52, 'end': 74, 'span': 'Prince William Walters', 'annotation': 'person', 'schema': 'entity_annotation', 'annotation_title': 'person'}]	[]	[{'start': 130, 'end': 174, 'span': 'my disapproval of the training facility plan', 'annotation': 'Opposition', 'schema': 'entity_annotation', 'annotation_title': 'Opposition'}, {'start': 421, 'end': 445, 'span': 'We do not want this here', 'annotation': 'Opposition', 'schema': 'entity_annotation', 'annotation_title': 'Opposition'}]	[{'start': 78, 'end': 87, 'span': 'homeowner', 'annotation': 'resident', 'schema': 'entity_annotation', 'annotation_title': 'resident'}]	[{'start': 91, 'end': 103, 'span': 'Gresham Park', 'annotation': 'location', 'schema': 'entity_annotation', 'annotation_title': 'location'}, {'start': 187, 'end': 206, 'span': 'Atlanta prison farm', 'annotation': 'location', 'schema': 'entity_annotation', 'annotation_title': 'location'}, {'start': 400, 'end': 419, 'span': 'Atlanta prison farm', 'annotation': 'location', 'schema': 'entity_annotation', 'annotation_title': 'location'}]
test9@test.com	1	>> MARY ROBISNSON: [07:52:03] Hi, my name is Mary Robinson. I'm calling with concerns over the proposed police training facility on Key Road. I'm a resident of the prison farm neighborhood, where the training facility is going to be build. I strongly oppose the proposed police training center for several reasons. The first being that Atlanta police already have nearly 100 acres elsewhere, that they should be using. [indiscernible] property slowly being reclaimed by the surrounding forest wetlands and the hundreds of species of animals that reside there. We find any part of these wetlands and woods that remain in our city as an explosion and negatively impact the efficiency of our natural floodplain as well as the climate. There isn't so much space available in the city of Atlanta itself. Rather than putting the farm on unincorporated DeKalb County because they can get away with that portion already sitting in the street. [indiscernible]. Thank you. [07:53:20]				[]	[]	[{'start': 26, 'end': 34, 'span': '07:52:03', 'annotation': 'time', 'schema': 'entity_annotation', 'annotation_title': 'time'}, {'start': 970, 'end': 978, 'span': '07:53:20', 'annotation': 'time', 'schema': 'entity_annotation', 'annotation_title': 'time'}]	"[{'start': 321, 'end': 423, 'span': 'The first being that Atlanta police already have nearly 100 acres elsewhere, that they should be using', 'annotation': 'why NO', 'schema': 'entity_annotation', 'annotation_title': 'why NO'}, {'start': 441, 'end': 564, 'span': 'property slowly being reclaimed by the surrounding forest wetlands and the hundreds of species of animals that reside there', 'annotation': 'why NO', 'schema': 'entity_annotation', 'annotation_title': 'why NO'}, {'start': 566, 'end': 736, 'span': 'We find any part of these wetlands and woods that remain in our city as an explosion and negatively impact the efficiency of our natural floodplain as well as the climate', 'annotation': 'why NO', 'schema': 'entity_annotation', 'annotation_title': 'why NO'}, {'start': 738, 'end': 803, 'span': ""There isn't so much space available in the city of Atlanta itself"", 'annotation': 'why NO', 'schema': 'entity_annotation', 'annotation_title': 'why NO'}]"	[]	[]	[]	[{'start': 9, 'end': 23, 'span': 'MARY ROBISNSON', 'annotation': 'person', 'schema': 'entity_annotation', 'annotation_title': 'person'}, {'start': 51, 'end': 65, 'span': 'Mary Robinson.', 'annotation': 'person', 'schema': 'entity_annotation', 'annotation_title': 'person'}]	[]	[{'start': 246, 'end': 299, 'span': 'I strongly oppose the proposed police training center', 'annotation': 'Opposition', 'schema': 'entity_annotation', 'annotation_title': 'Opposition'}]	"[{'start': 148, 'end': 162, 'span': ""I'm a resident"", 'annotation': 'resident', 'schema': 'entity_annotation', 'annotation_title': 'resident'}]"	[{'start': 138, 'end': 146, 'span': 'Key Road', 'annotation': 'location', 'schema': 'entity_annotation', 'annotation_title': 'location'}, {'start': 852, 'end': 865, 'span': 'DeKalb County', 'annotation': 'location', 'schema': 'entity_annotation', 'annotation_title': 'location'}]
test9@test.com	23	>> MATT WESTMORELAND: [05:42:44] Eight minutes. [05:42:43]				[]	[]	[{'start': 29, 'end': 37, 'span': '05:42:44', 'annotation': 'time', 'schema': 'entity_annotation', 'annotation_title': 'time'}, {'start': 55, 'end': 63, 'span': '05:42:43', 'annotation': 'time', 'schema': 'entity_annotation', 'annotation_title': 'time'}]	[]	[]	[]	[]	[{'start': 9, 'end': 26, 'span': 'MATT WESTMORELAND', 'annotation': 'person', 'schema': 'entity_annotation', 'annotation_title': 'person'}]	[]	[]	[]	[]
test9@test.com	12	>> FRANK: [08:01:48] Hello, my name is Frank Zachary. I live in the southern neighborhood of District 12. I'm asking you to vote no on the proposal on cutting down South River Forest Area. It's simply, not what the community wants. Thank you. [08:02:07]				[]	[]	[{'start': 17, 'end': 25, 'span': '08:01:48', 'annotation': 'time', 'schema': 'entity_annotation', 'annotation_title': 'time'}, {'start': 250, 'end': 258, 'span': '08:02:07', 'annotation': 'time', 'schema': 'entity_annotation', 'annotation_title': 'time'}]	[{'start': 208, 'end': 236, 'span': 'not what the community wants', 'annotation': 'why NO', 'schema': 'entity_annotation', 'annotation_title': 'why NO'}]	[]	[]	[]	[{'start': 9, 'end': 14, 'span': 'FRANK', 'annotation': 'person', 'schema': 'entity_annotation', 'annotation_title': 'person'}, {'start': 45, 'end': 58, 'span': 'Frank Zachary', 'annotation': 'person', 'schema': 'entity_annotation', 'annotation_title': 'person'}]	[]	"[{'start': 112, 'end': 193, 'span': ""I'm asking you to vote no on the proposal on cutting down South River Forest Area"", 'annotation': 'Opposition', 'schema': 'entity_annotation', 'annotation_title': 'Opposition'}]"	[]	[{'start': 99, 'end': 110, 'span': 'District 12', 'annotation': 'location', 'schema': 'entity_annotation', 'annotation_title': 'location'}]
test9@test.com	22	>> AKHIL MOSLEY: [05:42:43] How long do I have? [05:42:44]				[]	[]	[{'start': 24, 'end': 32, 'span': '05:42:43', 'annotation': 'time', 'schema': 'entity_annotation', 'annotation_title': 'time'}, {'start': 55, 'end': 63, 'span': '05:42:44', 'annotation': 'time', 'schema': 'entity_annotation', 'annotation_title': 'time'}]	[]	[]	[]	[]	[{'start': 9, 'end': 21, 'span': 'AKHIL MOSLEY', 'annotation': 'person', 'schema': 'entity_annotation', 'annotation_title': 'person'}]	[]	[]	[]	[]
test9@test.com	9	>> CREATURE YOUNG: [07:59:49] Hello. My name is Creature Young. I'm a, South East Atlanta resident. I am calling to express my opposition on the proposal to lease the South River Forest in the old Atlanta prison farm as a police training facility. The Atlanta city design documents themselves pacify the South River Forest is going to be the keystone of Atlanta's future park in a greenspace. So, I don't know why we would not want to be careful planning unless it's an emergency and I don't see an emergency here. So, I think there's lots of other potential places for the training facility. It can go to industrial sites, strip malls, other places in Atlanta that they can make a facility like this. But there's only one work area. And, we believe that these overgrown trees that we're talking about here, that's irreplaceable. Let's keep the forest, and keep this training facility somewhere else. Thank you. [08:00:55]				[]	[]	[{'start': 1452, 'end': 1460, 'span': '08:00:55', 'annotation': 'time', 'schema': 'entity_annotation', 'annotation_title': 'time'}]	"[{'start': 1023, 'end': 1052, 'span': ""I don't see an emergency here"", 'annotation': 'why NO', 'schema': 'entity_annotation', 'annotation_title': 'why NO'}, {'start': 1058, 'end': 1130, 'span': ""I think there's lots of other potential places for the training facility"", 'annotation': 'why NO', 'schema': 'entity_annotation', 'annotation_title': 'why NO'}]"	[]	[]	[]	[{'start': 9, 'end': 23, 'span': 'CREATURE YOUNG', 'annotation': 'person', 'schema': 'entity_annotation', 'annotation_title': 'person'}, {'start': 54, 'end': 68, 'span': 'Creature Young', 'annotation': 'person', 'schema': 'entity_annotation', 'annotation_title': 'person'}]	[]	[]	"[{'start': 70, 'end': 104, 'span': ""I'm a, South East Atlanta resident"", 'annotation': 'resident', 'schema': 'entity_annotation', 'annotation_title': 'resident'}]"	"[{'start': 106, 'end': 297, 'span': 'I am calling to express my opposition on the proposal to lease the <span class=""span_container"" selection_label=""location"" style=""background-color:rgb(145, 30, 180, 0.25);"">South River Forest', 'annotation': 'location', 'schema': 'entity_annotation', 'annotation_title': 'location'}, {'start': 309, 'end': 328, 'span': 'Atlanta prison farm', 'annotation': 'location', 'schema': 'entity_annotation', 'annotation_title': 'location'}, {'start': 524, 'end': 704, 'span': 'The Atlanta city design documents themselves pacify the <span class=""span_container"" selection_label=""location"" style=""background-color:rgb(145, 30, 180, 0.25);"">South River Forest', 'annotation': 'location', 'schema': 'entity_annotation', 'annotation_title': 'location'}, {'start': 1192, 'end': 1199, 'span': 'Atlanta', 'annotation': 'location', 'schema': 'entity_annotation', 'annotation_title': 'location'}]"
test9@test.com	5	>> CATHERINE REED: [07:56:27] My name is Catherine Reed, and I would like to voice my comment in support, but keeping the old Atlanta prison farm out of the equation. I want to fence every acre of the Atlanta prison farm. Do not give away this historic park for a training center that you can put somewhere else. Thank you. [07:57:04]				[]	[]	[{'start': 26, 'end': 34, 'span': '07:56:27', 'annotation': 'time', 'schema': 'entity_annotation', 'annotation_title': 'time'}, {'start': 331, 'end': 339, 'span': '07:57:04', 'annotation': 'time', 'schema': 'entity_annotation', 'annotation_title': 'time'}]	[{'start': 173, 'end': 226, 'span': 'I want to fence every acre of the Atlanta prison farm', 'annotation': 'why NO', 'schema': 'entity_annotation', 'annotation_title': 'why NO'}, {'start': 228, 'end': 317, 'span': 'Do not give away this historic park for a training center that you can put somewhere else', 'annotation': 'why NO', 'schema': 'entity_annotation', 'annotation_title': 'why NO'}]	[]	[]	[]	[{'start': 9, 'end': 23, 'span': 'CATHERINE REED', 'annotation': 'person', 'schema': 'entity_annotation', 'annotation_title': 'person'}, {'start': 47, 'end': 61, 'span': 'Catherine Reed', 'annotation': 'person', 'schema': 'entity_annotation', 'annotation_title': 'person'}]	[]	[{'start': 67, 'end': 171, 'span': 'I would like to voice my comment in support, but keeping the old Atlanta prison farm out of the equation', 'annotation': 'Opposition', 'schema': 'entity_annotation', 'annotation_title': 'Opposition'}]	[]	[]
test9@test.com	11	>> WOMAN #11: [08:01:16] Hello. This is. [indiscernible] I oppose the proposal by Joyce Sheperd to lease part of the South River Forest to the Atlanta Police Foundation. I stand firmly against putting more money into policing. Thank you. [08:01:47]				[{'start': 255, 'end': 280, 'span': 'Atlanta Police Foundation', 'annotation': 'organization', 'schema': 'entity_annotation', 'annotation_title': 'organization'}]	[]	[{'start': 515, 'end': 523, 'span': '08:01:47', 'annotation': 'time', 'schema': 'entity_annotation', 'annotation_title': 'time'}]	[{'start': 445, 'end': 501, 'span': ' I stand firmly against putting more money into policing', 'annotation': 'why NO', 'schema': 'entity_annotation', 'annotation_title': 'why NO'}]	[]	[]	[]	[{'start': 8, 'end': 18, 'span': ' WOMAN #11', 'annotation': 'person', 'schema': 'entity_annotation', 'annotation_title': 'person'}]	[]	[]	[]	"[{'start': 63, 'end': 247, 'span': 'I oppose the proposal by Joyce Sheperd to lease part of the <span class=""span_container"" selection_label=""location"" style=""background-color:rgb(145, 30, 180, 0.25);"">South River Forest', 'annotation': 'location', 'schema': 'entity_annotation', 'annotation_title': 'location'}]"
test9@test.com	28	>> AKHIL MOSLEY: [05:46:01] When it comes to the land that this is built on, I've heard a lot about the environmental racism, and it's very true. But the element that alarms me the most is the previous use of the property, it was a prison farm. And so if you have this prison farm property and you have most of the land likely not remediated, then the clear-cutting of the forest is already putting the DeKalb residents in danger in the present. [05:46:23] [05:46:25] --- [05:46:25]				[]	[]	[{'start': 24, 'end': 32, 'span': '05:46:01', 'annotation': 'time', 'schema': 'entity_annotation', 'annotation_title': 'time'}, {'start': 453, 'end': 461, 'span': '05:46:23', 'annotation': 'time', 'schema': 'entity_annotation', 'annotation_title': 'time'}, {'start': 464, 'end': 472, 'span': '05:46:25', 'annotation': 'time', 'schema': 'entity_annotation', 'annotation_title': 'time'}, {'start': 479, 'end': 487, 'span': '05:46:25', 'annotation': 'time', 'schema': 'entity_annotation', 'annotation_title': 'time'}]	"[{'start': 83, 'end': 150, 'span': ""I've heard a lot about the environmental racism, and it's very true"", 'annotation': 'why NO', 'schema': 'entity_annotation', 'annotation_title': 'why NO'}, {'start': 152, 'end': 249, 'span': 'But the element that alarms me the most is the previous use of the property, it was a prison farm', 'annotation': 'why NO', 'schema': 'entity_annotation', 'annotation_title': 'why NO'}]"	[]	[]	[]	[{'start': 9, 'end': 21, 'span': 'AKHIL MOSLEY', 'annotation': 'person', 'schema': 'entity_annotation', 'annotation_title': 'person'}]	[]	[]	[]	[{'start': 409, 'end': 415, 'span': 'DeKalb', 'annotation': 'location', 'schema': 'entity_annotation', 'annotation_title': 'location'}]
test9@test.com	17	>> WOMAN #13: [08:07:24] Hello, my name is [indiscernible]. I live in the Morningside neighborhood of Atlanta. I'm calling to oppose the new police training facility on the old Atlanta prison farm. This neighborhood needs to be [indiscernible]. It's not wanted by the neighborhood. And if the police need training, they need to be trained on de-escalation no to be killing people. I don't think they need counterinsurgency training. Those facilities should be built in places where it will be less disruptive to the neighborhood. So, please do not build this facility. [08:0:13]				[]	[]	[{'start': 21, 'end': 29, 'span': '08:07:24', 'annotation': 'time', 'schema': 'entity_annotation', 'annotation_title': 'time'}, {'start': 841, 'end': 848, 'span': '08:0:13', 'annotation': 'time', 'schema': 'entity_annotation', 'annotation_title': 'time'}]	"[{'start': 516, 'end': 551, 'span': ""It's not wanted by the neighborhood"", 'annotation': 'why NO', 'schema': 'entity_annotation', 'annotation_title': 'why NO'}, {'start': 652, 'end': 799, 'span': ""I don't think they need counterinsurgency training. Those facilities should be built in places where it will be less disruptive to the neighborhood"", 'annotation': 'why NO', 'schema': 'entity_annotation', 'annotation_title': 'why NO'}]"	[]	[]	[]	[{'start': 9, 'end': 18, 'span': 'WOMAN #13', 'annotation': 'person', 'schema': 'entity_annotation', 'annotation_title': 'person'}]	[]	"[{'start': 382, 'end': 436, 'span': ""I'm calling to oppose the new police training facility"", 'annotation': 'Opposition', 'schema': 'entity_annotation', 'annotation_title': 'Opposition'}]"	[]	"[{'start': 66, 'end': 197, 'span': 'I live in the <span class=""span_container"" selection_label=""location"" style=""background-color:rgb(145, 30, 180, 0.25);"">Morningside', 'annotation': 'location', 'schema': 'entity_annotation', 'annotation_title': 'location'}, {'start': 214, 'end': 221, 'span': 'Atlanta', 'annotation': 'location', 'schema': 'entity_annotation', 'annotation_title': 'location'}, {'start': 448, 'end': 467, 'span': 'Atlanta prison farm', 'annotation': 'location', 'schema': 'entity_annotation', 'annotation_title': 'location'}]"
test9@test.com	27	>> AKHIL MOSLEY: [05:45:20] Haven't heard one person since the first 15 minutes, but that's beside the point. Platitudes and promises. And then we get this. And so what do we have for it? We got a $30 million price tag. That's what the City Council is voting on today. We have heard the figure of 67 million thrown around. From my understanding, that's due to a leaseback policy where $1.2 million would be allocated for the next 30 years. So, that's more alarming. And if y'all were doing 67 million upfront, because not only can that increase, but also y'all are charging the next generation for this project. [05:46:00] [clapping]. [05:46:00]				[]	[]	[{'start': 24, 'end': 32, 'span': '05:45:20', 'annotation': 'time', 'schema': 'entity_annotation', 'annotation_title': 'time'}, {'start': 619, 'end': 627, 'span': '05:46:00', 'annotation': 'time', 'schema': 'entity_annotation', 'annotation_title': 'time'}, {'start': 642, 'end': 650, 'span': '05:46:00', 'annotation': 'time', 'schema': 'entity_annotation', 'annotation_title': 'time'}]	[]	[]	[]	[]	[{'start': 9, 'end': 21, 'span': 'AKHIL MOSLEY', 'annotation': 'person', 'schema': 'entity_annotation', 'annotation_title': 'person'}]	[]	[]	[]	[]
test9@test.com	13	>> CAROL COOPER LANE: [08:02:08] This is Carol Cooper Lane. Thank you very much for this opportunity to address you on the issue of the public safety training center. We planned a decision, and I think it's incredibly important that [indiscernible]. [08:04:12]				[]	[]	[{'start': 29, 'end': 37, 'span': '08:02:08', 'annotation': 'time', 'schema': 'entity_annotation', 'annotation_title': 'time'}, {'start': 257, 'end': 265, 'span': '08:04:12', 'annotation': 'time', 'schema': 'entity_annotation', 'annotation_title': 'time'}]	[]	[]	[]	[]	[{'start': 9, 'end': 26, 'span': 'CAROL COOPER LANE', 'annotation': 'person', 'schema': 'entity_annotation', 'annotation_title': 'person'}, {'start': 47, 'end': 64, 'span': 'Carol Cooper Lane', 'annotation': 'person', 'schema': 'entity_annotation', 'annotation_title': 'person'}]	[]	[]	[]	[]
test9@test.com	30	>> AUDIENCE MEMBERS: [05:49:34] [clapping]. [05:49:34] So please, please, please. Do something else. There are 16 members of you all council. We only need eight or nine to vote against it. Some of you all already had written on your face since the beginning of this session. That's fine. Nine people vote no for funding Cop City. Eight or nine. Vote no, please. That's all I have. Take care. [05:49:56][21.6]				[]	[]	[{'start': 28, 'end': 36, 'span': '05:49:34', 'annotation': 'time', 'schema': 'entity_annotation', 'annotation_title': 'time'}, {'start': 51, 'end': 59, 'span': '05:49:34', 'annotation': 'time', 'schema': 'entity_annotation', 'annotation_title': 'time'}, {'start': 399, 'end': 407, 'span': '05:49:56', 'annotation': 'time', 'schema': 'entity_annotation', 'annotation_title': 'time'}]	[]	[]	[]	[]	[{'start': 9, 'end': 26, 'span': 'AUDIENCE MEMBERS:', 'annotation': 'person', 'schema': 'entity_annotation', 'annotation_title': 'person'}]	[]	[{'start': 351, 'end': 358, 'span': 'Vote no', 'annotation': 'Opposition', 'schema': 'entity_annotation', 'annotation_title': 'Opposition'}]	[]	[]
test9@test.com	18	>> GORDON ANDERSON [08:08:12] My name is Gordon Anderson. I'm here with Mr. Brookhaven, and I am in support of a building, a public safety training center on Key Road. Thank you very much. [08:08:25]				[]	[]	[{'start': 26, 'end': 34, 'span': '08:08:12', 'annotation': 'time', 'schema': 'entity_annotation', 'annotation_title': 'time'}, {'start': 464, 'end': 472, 'span': '08:08:25', 'annotation': 'time', 'schema': 'entity_annotation', 'annotation_title': 'time'}]	[]	[]	[]	[]	[{'start': 9, 'end': 24, 'span': 'GORDON ANDERSON', 'annotation': 'person', 'schema': 'entity_annotation', 'annotation_title': 'person'}, {'start': 47, 'end': 62, 'span': 'Gordon Anderson', 'annotation': 'person', 'schema': 'entity_annotation', 'annotation_title': 'person'}, {'start': 78, 'end': 92, 'span': 'Mr. Brookhaven', 'annotation': 'person', 'schema': 'entity_annotation', 'annotation_title': 'person'}]	[]	[]	[]	"[{'start': 98, 'end': 278, 'span': 'I am in support of a building, a public safety training center on <span class=""span_container"" selection_label=""location"" style=""background-color:rgb(145, 30, 180, 0.25);"">Key Road', 'annotation': 'location', 'schema': 'entity_annotation', 'annotation_title': 'location'}]"
test9@test.com	10	>> DR. BRUCE: [08:01:55] My name is Doctor Bruce. I am an employee with of the City of Atlanta Police Department. Also, I'm Atlanta resident for at least 15 years. Please vote yes for the public training facility for both police and fire. It is highly needed for the citizens of Atlanta to pay for their police and fire to add more training and better input. Please vote yes for Joyce Sheperd. Thank you. [08:01:15]				[{'start': 85, 'end': 118, 'span': 'City of Atlanta Police Department', 'annotation': 'organization', 'schema': 'entity_annotation', 'annotation_title': 'organization'}]	[{'start': 245, 'end': 363, 'span': 'It is highly needed for the citizens of Atlanta to pay for their police and fire to add more training and better input', 'annotation': 'why YES', 'schema': 'entity_annotation', 'annotation_title': 'why YES'}]	[{'start': 21, 'end': 29, 'span': '08:01:55', 'annotation': 'time', 'schema': 'entity_annotation', 'annotation_title': 'time'}, {'start': 412, 'end': 420, 'span': '08:01:15', 'annotation': 'time', 'schema': 'entity_annotation', 'annotation_title': 'time'}]	[]	[]	[{'start': 170, 'end': 218, 'span': 'Please vote yes for the public training facility', 'annotation': 'Agreement', 'schema': 'entity_annotation', 'annotation_title': 'Agreement'}, {'start': 365, 'end': 398, 'span': 'Please vote yes for Joyce Sheperd', 'annotation': 'Agreement', 'schema': 'entity_annotation', 'annotation_title': 'Agreement'}]	[]	[{'start': 9, 'end': 18, 'span': 'DR. BRUCE', 'annotation': 'person', 'schema': 'entity_annotation', 'annotation_title': 'person'}, {'start': 42, 'end': 54, 'span': 'Doctor Bruce', 'annotation': 'person', 'schema': 'entity_annotation', 'annotation_title': 'person'}]	[]	[]	"[{'start': 126, 'end': 168, 'span': ""I'm Atlanta resident for at least 15 years"", 'annotation': 'resident', 'schema': 'entity_annotation', 'annotation_title': 'resident'}]"	[]
test9@test.com	31	>> MATT WESTMORELAND: [05:49:56] Thank you. Next up is Jack Joyner. [05:50:00]				[]	[]	[{'start': 29, 'end': 37, 'span': '05:49:56', 'annotation': 'time', 'schema': 'entity_annotation', 'annotation_title': 'time'}, {'start': 75, 'end': 83, 'span': '05:50:00', 'annotation': 'time', 'schema': 'entity_annotation', 'annotation_title': 'time'}]	[]	[]	[]	[]	[{'start': 9, 'end': 26, 'span': 'MATT WESTMORELAND', 'annotation': 'person', 'schema': 'entity_annotation', 'annotation_title': 'person'}, {'start': 61, 'end': 72, 'span': 'Jack Joyner', 'annotation': 'person', 'schema': 'entity_annotation', 'annotation_title': 'person'}]	[]	[]	[]	[]
test9@test.com	3	>> EMILY JOHNSON: [07:54:04] Hi there. My name is Emily Johnson and I am a resident of Atlanta. I'm calling to express my extreme concern and condemnation of the proposed construction of 300 acres for a playground for cops. In the past year, your constituents, myself included, have been pleading with you to divest money from policing and invest in community programs. [indiscernible]. This proposed facility is a slap in the face in light of the Atlanta residents. Additionally, we are facing a warming climate and increased occurrence of natural disasters. To ensure Atlanta remains a resilient city, we must make sure that our green spaces are protected. The destruction of the forests would have extreme ecological impacts that would threaten the well-being of my community. I'm pleading with you to listen to the community and vote no on this plan. Thank you. [07:55:00]				[]	[]	[{'start': 25, 'end': 33, 'span': '07:54:04', 'annotation': 'time', 'schema': 'entity_annotation', 'annotation_title': 'time'}, {'start': 1138, 'end': 1146, 'span': '07:55:00', 'annotation': 'time', 'schema': 'entity_annotation', 'annotation_title': 'time'}]	[{'start': 752, 'end': 829, 'span': 'we are facing a warming climate and increased occurrence of natural disasters', 'annotation': 'why NO', 'schema': 'entity_annotation', 'annotation_title': 'why NO'}, {'start': 875, 'end': 928, 'span': 'we must make sure that our green spaces are protected', 'annotation': 'why NO', 'schema': 'entity_annotation', 'annotation_title': 'why NO'}, {'start': 930, 'end': 1049, 'span': 'The destruction of the forests would have extreme ecological impacts that would threaten the well-being of my community', 'annotation': 'why NO', 'schema': 'entity_annotation', 'annotation_title': 'why NO'}]	[]	[]	[]	[{'start': 9, 'end': 22, 'span': 'EMILY JOHNSON', 'annotation': 'person', 'schema': 'entity_annotation', 'annotation_title': 'person'}, {'start': 56, 'end': 69, 'span': 'Emily Johnson', 'annotation': 'person', 'schema': 'entity_annotation', 'annotation_title': 'person'}]	[]	[{'start': 382, 'end': 493, 'span': 'express my extreme concern and condemnation of the proposed construction of 300 acres for a playground for cops', 'annotation': 'Opposition', 'schema': 'entity_annotation', 'annotation_title': 'Opposition'}]	[]	"[{'start': 74, 'end': 206, 'span': 'I am a resident of <span class=""span_container"" selection_label=""location"" style=""background-color:rgb(145, 30, 180, 0.25);"">Atlanta', 'annotation': 'location', 'schema': 'entity_annotation', 'annotation_title': 'location'}, {'start': 719, 'end': 726, 'span': 'Atlanta', 'annotation': 'location', 'schema': 'entity_annotation', 'annotation_title': 'location'}]"
test9@test.com	24	>> AKHIL MOSLEY: [05:42:44] Eight Minutes. Perfect. I'm not going to use all of it, but first of all, I'd like to thank everybody who's yielded their time to me, and I'll try to make good of it. I actually did know that Sean wasn't going to be here because we had stayed in line for several hours. I think I met him around 12:00 noon. I got here like 9:30, and he stayed until he had to leave because he had to pick up his kids. And that's a lot of people's stories. Even those who were able to make it could only stay for a certain amount of time, because we have other things going on. So, for those who are willing to stay all day, I haven't eaten since I left my house. To be here for this issue, that's how much it means to each and every one of us. And so to just get into it, I am in Akhil Gregory. I have been a resident of DeKalb County for the last five years. When I was staying in Atlanta, I was staying in East Lake. So, after leaving, I still was in the close proximity to the facility. So, when I found out about Cop coming about, it was more than alarming. So, what I can do is offer context to where this facility fits in the grand scheme of our nation's history. Not going so far back, but I'm just going to start three years back. So 2020, we had the largest protests in human history, and this was centered around stopping police brutality. So, what links people from New York to Atlanta to LA to people in Kenya, in Nigeria, and London and in the UK? Policing. This is not a particularly unique issue in Atlanta, but this next step in building Cop City is a real escalation in the matter and in the wrong direction, because what the mayor in the City Council offered in the wake of these protests were platitudes and promises. [05:44:37] --- [05:44:37]				[]	[]	[{'start': 329, 'end': 339, 'span': '12:00 noon', 'annotation': 'time', 'schema': 'entity_annotation', 'annotation_title': 'time'}, {'start': 357, 'end': 361, 'span': '9:30', 'annotation': 'time', 'schema': 'entity_annotation', 'annotation_title': 'time'}, {'start': 2020, 'end': 2028, 'span': '05:44:37', 'annotation': 'time', 'schema': 'entity_annotation', 'annotation_title': 'time'}, {'start': 2035, 'end': 2043, 'span': '05:44:37', 'annotation': 'time', 'schema': 'entity_annotation', 'annotation_title': 'time'}]	[]	[]	[]	[]	[{'start': 9, 'end': 21, 'span': 'AKHIL MOSLEY', 'annotation': 'person', 'schema': 'entity_annotation', 'annotation_title': 'person'}, {'start': 226, 'end': 230, 'span': 'Sean', 'annotation': 'person', 'schema': 'entity_annotation', 'annotation_title': 'person'}]	[]	[]	[]	"[{'start': 789, 'end': 916, 'span': 'I am in <span class=""span_container"" selection_label=""location"" style=""background-color:rgb(145, 30, 180, 0.25);"">Akhil Gregory', 'annotation': 'location', 'schema': 'entity_annotation', 'annotation_title': 'location'}, {'start': 944, 'end': 957, 'span': 'DeKalb County', 'annotation': 'location', 'schema': 'entity_annotation', 'annotation_title': 'location'}, {'start': 1164, 'end': 1171, 'span': 'Atlanta', 'annotation': 'location', 'schema': 'entity_annotation', 'annotation_title': 'location'}, {'start': 1190, 'end': 1199, 'span': 'East Lake', 'annotation': 'location', 'schema': 'entity_annotation', 'annotation_title': 'location'}, {'start': 1659, 'end': 1667, 'span': 'New York', 'annotation': 'location', 'schema': 'entity_annotation', 'annotation_title': 'location'}, {'start': 1671, 'end': 1678, 'span': 'Atlanta', 'annotation': 'location', 'schema': 'entity_annotation', 'annotation_title': 'location'}, {'start': 1682, 'end': 1684, 'span': 'LA', 'annotation': 'location', 'schema': 'entity_annotation', 'annotation_title': 'location'}, {'start': 1698, 'end': 1703, 'span': 'Kenya', 'annotation': 'location', 'schema': 'entity_annotation', 'annotation_title': 'location'}, {'start': 1708, 'end': 1715, 'span': 'Nigeria', 'annotation': 'location', 'schema': 'entity_annotation', 'annotation_title': 'location'}, {'start': 1721, 'end': 1727, 'span': 'London', 'annotation': 'location', 'schema': 'entity_annotation', 'annotation_title': 'location'}, {'start': 1739, 'end': 1741, 'span': 'UK', 'annotation': 'location', 'schema': 'entity_annotation', 'annotation_title': 'location'}, {'start': 1796, 'end': 1803, 'span': 'Atlanta', 'annotation': 'location', 'schema': 'entity_annotation', 'annotation_title': 'location'}]"
